Patient;Notes/recommandations du médecin
Ferguson;"Le patient déclare qu'il « se sent très bien »
Poids égal ou inférieur au poids recommandé"
Rees;"Le patient déclare qu'il ressent beaucoup de stress au travail
Il se plaint également que son audition est anormale dernièrement"
Rees;"Le patient déclare avoir fait une réaction aux médicaments au cours des 3 derniers mois
Il remarque également que son audition continue d'être anormale"
Rees;Tests de laboratoire indiquant une microalbumine élevée
Rees;"Le patient déclare que tout semble aller bien
Le laboratoire rapporte que l'hémoglobine A1C dépasse le niveau recommandé
Le patient déclare qu’il fume depuis longtemps"
Ross;"Le patient déclare qu'il se sent bien
Poids corporel supérieur au poids recommandé"
Ross;Le patient déclare qu'il se sent bien
